date,item_id,store_id,forecast_demand
2016-04-25,HOBBIES_1_001,CA_1,0.5886398717027979
2016-04-26,HOBBIES_1_001,CA_1,0.6194778399300712
2016-04-27,HOBBIES_1_001,CA_1,0.8718877685289153
2016-04-28,HOBBIES_1_001,CA_1,0.9190074819440622
2016-04-29,HOBBIES_1_001,CA_1,0.9128248129024426
2016-04-30,HOBBIES_1_001,CA_1,1.1083692913590442
2016-05-01,HOBBIES_1_001,CA_1,0.8205929217889668
2016-05-02,HOBBIES_1_001,CA_1,0.7278457004405182
2016-05-03,HOBBIES_1_001,CA_1,0.6352124003091084
2016-05-04,HOBBIES_1_001,CA_1,0.654078916746066
2016-05-05,HOBBIES_1_001,CA_1,0.4475754297303232
2016-05-06,HOBBIES_1_001,CA_1,0.4989773182989941
2016-05-07,HOBBIES_1_001,CA_1,0.6685047383294634
2016-05-08,HOBBIES_1_001,CA_1,0.598920800881404
2016-04-25,HOBBIES_1_002,CA_1,0.13371071396374998
2016-04-26,HOBBIES_1_002,CA_1,0.12761329338451888
2016-04-27,HOBBIES_1_002,CA_1,0.12296158051487635
2016-04-28,HOBBIES_1_002,CA_1,0.1441776021235608
2016-04-29,HOBBIES_1_002,CA_1,0.18223378031142604
2016-04-30,HOBBIES_1_002,CA_1,0.20030196162020478
2016-05-01,HOBBIES_1_002,CA_1,0.18080702801373522
2016-05-02,HOBBIES_1_002,CA_1,0.1418000489623689
2016-05-03,HOBBIES_1_002,CA_1,0.1418000489623689
2016-05-04,HOBBIES_1_002,CA_1,0.1418000489623689
2016-05-05,HOBBIES_1_002,CA_1,0.1575931829642175
2016-05-06,HOBBIES_1_002,CA_1,0.19564936115208276
2016-05-07,HOBBIES_1_002,CA_1,0.19926152144361065
2016-05-08,HOBBIES_1_002,CA_1,0.19740780170688718
2016-04-25,HOBBIES_1_003,CA_1,0.40763621841081576
2016-04-26,HOBBIES_1_003,CA_1,0.4312347071245268
2016-04-27,HOBBIES_1_003,CA_1,0.43989069454217067
2016-04-28,HOBBIES_1_003,CA_1,0.44276610087195933
2016-04-29,HOBBIES_1_003,CA_1,0.4093293597943399
2016-04-30,HOBBIES_1_003,CA_1,0.5290524403130086
2016-05-01,HOBBIES_1_003,CA_1,0.487676703319904
2016-05-02,HOBBIES_1_003,CA_1,0.3264464548181004
2016-05-03,HOBBIES_1_003,CA_1,0.31866555801115404
2016-05-04,HOBBIES_1_003,CA_1,0.31866555801115404
2016-05-05,HOBBIES_1_003,CA_1,0.33480962867119046
2016-05-06,HOBBIES_1_003,CA_1,0.3780783134512874
2016-05-07,HOBBIES_1_003,CA_1,0.4869347564755241
2016-05-08,HOBBIES_1_003,CA_1,0.47921638473310146
2016-04-25,HOBBIES_1_004,CA_1,1.1352688138453968
2016-04-26,HOBBIES_1_004,CA_1,1.049170927780351
2016-04-27,HOBBIES_1_004,CA_1,0.9506307813453172
2016-04-28,HOBBIES_1_004,CA_1,1.1937109943745057
2016-04-29,HOBBIES_1_004,CA_1,1.433849381883799
2016-04-30,HOBBIES_1_004,CA_1,2.053766467516402
2016-05-01,HOBBIES_1_004,CA_1,3.3328432131458836
2016-05-02,HOBBIES_1_004,CA_1,1.5711038256148917
2016-05-03,HOBBIES_1_004,CA_1,1.0086580903288205
2016-05-04,HOBBIES_1_004,CA_1,1.0094571446828717
2016-05-05,HOBBIES_1_004,CA_1,1.3282305551967004
2016-05-06,HOBBIES_1_004,CA_1,1.5136033084170524
2016-05-07,HOBBIES_1_004,CA_1,3.2666093429833087
2016-05-08,HOBBIES_1_004,CA_1,4.319460063405781
2016-04-25,HOBBIES_1_005,CA_1,0.9651433830451551
2016-04-26,HOBBIES_1_005,CA_1,1.0196197082574163
2016-04-27,HOBBIES_1_005,CA_1,1.105318590345007
2016-04-28,HOBBIES_1_005,CA_1,0.8738559832934205
2016-04-29,HOBBIES_1_005,CA_1,1.1212044093808733
2016-04-30,HOBBIES_1_005,CA_1,1.644328805830914
2016-05-01,HOBBIES_1_005,CA_1,2.2322996968216637
2016-05-02,HOBBIES_1_005,CA_1,0.7992199452974156
2016-05-03,HOBBIES_1_005,CA_1,0.7882461687244762
2016-05-04,HOBBIES_1_005,CA_1,0.8034694760928413
2016-05-05,HOBBIES_1_005,CA_1,0.9354515831743719
2016-05-06,HOBBIES_1_005,CA_1,1.0159520641911781
2016-05-07,HOBBIES_1_005,CA_1,1.549142135786985
2016-05-08,HOBBIES_1_005,CA_1,1.6001096022109325
