date,item_id,store_id,sales
2015-10-28,HOBBIES_1_001,CA_1,1
2015-10-29,HOBBIES_1_001,CA_1,0
2015-10-30,HOBBIES_1_001,CA_1,2
2015-10-31,HOBBIES_1_001,CA_1,0
2015-11-01,HOBBIES_1_001,CA_1,0
2015-11-02,HOBBIES_1_001,CA_1,0
2015-11-03,HOBBIES_1_001,CA_1,0
2015-11-04,HOBBIES_1_001,CA_1,2
2015-11-05,HOBBIES_1_001,CA_1,0
2015-11-06,HOBBIES_1_001,CA_1,0
2015-11-07,HOBBIES_1_001,CA_1,0
2015-11-08,HOBBIES_1_001,CA_1,0
2015-11-09,HOBBIES_1_001,CA_1,1
2015-11-10,HOBBIES_1_001,CA_1,1
2015-11-11,HOBBIES_1_001,CA_1,2
2015-11-12,HOBBIES_1_001,CA_1,0
2015-11-13,HOBBIES_1_001,CA_1,0
2015-11-14,HOBBIES_1_001,CA_1,0
2015-11-15,HOBBIES_1_001,CA_1,0
2015-11-16,HOBBIES_1_001,CA_1,2
2015-11-17,HOBBIES_1_001,CA_1,0
2015-11-18,HOBBIES_1_001,CA_1,0
2015-11-19,HOBBIES_1_001,CA_1,1
2015-11-20,HOBBIES_1_001,CA_1,1
2015-11-21,HOBBIES_1_001,CA_1,1
2015-11-22,HOBBIES_1_001,CA_1,1
2015-11-23,HOBBIES_1_001,CA_1,0
2015-11-24,HOBBIES_1_001,CA_1,0
2015-11-25,HOBBIES_1_001,CA_1,0
2015-11-26,HOBBIES_1_001,CA_1,0
2015-11-27,HOBBIES_1_001,CA_1,0
2015-11-28,HOBBIES_1_001,CA_1,1
2015-11-29,HOBBIES_1_001,CA_1,2
2015-11-30,HOBBIES_1_001,CA_1,2
2015-12-01,HOBBIES_1_001,CA_1,0
2015-12-02,HOBBIES_1_001,CA_1,1
2015-12-03,HOBBIES_1_001,CA_1,0
2015-12-04,HOBBIES_1_001,CA_1,0
2015-12-05,HOBBIES_1_001,CA_1,0
2015-12-06,HOBBIES_1_001,CA_1,0
2015-12-07,HOBBIES_1_001,CA_1,1
2015-12-08,HOBBIES_1_001,CA_1,2
2015-12-09,HOBBIES_1_001,CA_1,1
2015-12-10,HOBBIES_1_001,CA_1,0
2015-12-11,HOBBIES_1_001,CA_1,0
2015-12-12,HOBBIES_1_001,CA_1,0
2015-12-13,HOBBIES_1_001,CA_1,0
2015-12-14,HOBBIES_1_001,CA_1,0
2015-12-15,HOBBIES_1_001,CA_1,1
2015-12-16,HOBBIES_1_001,CA_1,0
2015-12-17,HOBBIES_1_001,CA_1,3
2015-12-18,HOBBIES_1_001,CA_1,0
2015-12-19,HOBBIES_1_001,CA_1,1
2015-12-20,HOBBIES_1_001,CA_1,2
2015-12-21,HOBBIES_1_001,CA_1,1
2015-12-22,HOBBIES_1_001,CA_1,0
2015-12-23,HOBBIES_1_001,CA_1,3
2015-12-24,HOBBIES_1_001,CA_1,0
2015-12-25,HOBBIES_1_001,CA_1,0
2015-12-26,HOBBIES_1_001,CA_1,0
2015-12-27,HOBBIES_1_001,CA_1,1
2015-12-28,HOBBIES_1_001,CA_1,0
2015-12-29,HOBBIES_1_001,CA_1,2
2015-12-30,HOBBIES_1_001,CA_1,2
2015-12-31,HOBBIES_1_001,CA_1,1
2016-01-01,HOBBIES_1_001,CA_1,0
2016-01-02,HOBBIES_1_001,CA_1,0
2016-01-03,HOBBIES_1_001,CA_1,1
2016-01-04,HOBBIES_1_001,CA_1,2
2016-01-05,HOBBIES_1_001,CA_1,0
2016-01-06,HOBBIES_1_001,CA_1,1
2016-01-07,HOBBIES_1_001,CA_1,0
2016-01-08,HOBBIES_1_001,CA_1,1
2016-01-09,HOBBIES_1_001,CA_1,4
2016-01-10,HOBBIES_1_001,CA_1,0
2016-01-11,HOBBIES_1_001,CA_1,0
2016-01-12,HOBBIES_1_001,CA_1,5
2016-01-13,HOBBIES_1_001,CA_1,0
2016-01-14,HOBBIES_1_001,CA_1,0
2016-01-15,HOBBIES_1_001,CA_1,0
2016-01-16,HOBBIES_1_001,CA_1,0
2016-01-17,HOBBIES_1_001,CA_1,0
2016-01-18,HOBBIES_1_001,CA_1,0
2016-01-19,HOBBIES_1_001,CA_1,2
2016-01-20,HOBBIES_1_001,CA_1,1
2016-01-21,HOBBIES_1_001,CA_1,2
2016-01-22,HOBBIES_1_001,CA_1,1
2016-01-23,HOBBIES_1_001,CA_1,0
2016-01-24,HOBBIES_1_001,CA_1,0
2016-01-25,HOBBIES_1_001,CA_1,0
2016-01-26,HOBBIES_1_001,CA_1,1
2016-01-27,HOBBIES_1_001,CA_1,1
2016-01-28,HOBBIES_1_001,CA_1,1
2016-01-29,HOBBIES_1_001,CA_1,0
2016-01-30,HOBBIES_1_001,CA_1,0
2016-01-31,HOBBIES_1_001,CA_1,1
2016-02-01,HOBBIES_1_001,CA_1,1
2016-02-02,HOBBIES_1_001,CA_1,1
2016-02-03,HOBBIES_1_001,CA_1,1
2016-02-04,HOBBIES_1_001,CA_1,1
2016-02-05,HOBBIES_1_001,CA_1,0
2016-02-06,HOBBIES_1_001,CA_1,0
2016-02-07,HOBBIES_1_001,CA_1,0
2016-02-08,HOBBIES_1_001,CA_1,2
2016-02-09,HOBBIES_1_001,CA_1,2
2016-02-10,HOBBIES_1_001,CA_1,0
2016-02-11,HOBBIES_1_001,CA_1,0
2016-02-12,HOBBIES_1_001,CA_1,1
2016-02-13,HOBBIES_1_001,CA_1,4
2016-02-14,HOBBIES_1_001,CA_1,0
2016-02-15,HOBBIES_1_001,CA_1,0
2016-02-16,HOBBIES_1_001,CA_1,0
2016-02-17,HOBBIES_1_001,CA_1,0
2016-02-18,HOBBIES_1_001,CA_1,1
2016-02-19,HOBBIES_1_001,CA_1,1
2016-02-20,HOBBIES_1_001,CA_1,2
2016-02-21,HOBBIES_1_001,CA_1,0
2016-02-22,HOBBIES_1_001,CA_1,4
2016-02-23,HOBBIES_1_001,CA_1,0
2016-02-24,HOBBIES_1_001,CA_1,1
2016-02-25,HOBBIES_1_001,CA_1,0
2016-02-26,HOBBIES_1_001,CA_1,1
2016-02-27,HOBBIES_1_001,CA_1,4
2016-02-28,HOBBIES_1_001,CA_1,2
2016-02-29,HOBBIES_1_001,CA_1,0
2016-03-01,HOBBIES_1_001,CA_1,2
2016-03-02,HOBBIES_1_001,CA_1,0
2016-03-03,HOBBIES_1_001,CA_1,1
2016-03-04,HOBBIES_1_001,CA_1,1
2016-03-05,HOBBIES_1_001,CA_1,0
2016-03-06,HOBBIES_1_001,CA_1,1
2016-03-07,HOBBIES_1_001,CA_1,0
2016-03-08,HOBBIES_1_001,CA_1,0
2016-03-09,HOBBIES_1_001,CA_1,1
2016-03-10,HOBBIES_1_001,CA_1,1
2016-03-11,HOBBIES_1_001,CA_1,3
2016-03-12,HOBBIES_1_001,CA_1,0
2016-03-13,HOBBIES_1_001,CA_1,0
2016-03-14,HOBBIES_1_001,CA_1,0
2016-03-15,HOBBIES_1_001,CA_1,1
2016-03-16,HOBBIES_1_001,CA_1,1
2016-03-17,HOBBIES_1_001,CA_1,1
2016-03-18,HOBBIES_1_001,CA_1,3
2016-03-19,HOBBIES_1_001,CA_1,1
2016-03-20,HOBBIES_1_001,CA_1,3
2016-03-21,HOBBIES_1_001,CA_1,1
2016-03-22,HOBBIES_1_001,CA_1,2
2016-03-23,HOBBIES_1_001,CA_1,2
2016-03-24,HOBBIES_1_001,CA_1,0
2016-03-25,HOBBIES_1_001,CA_1,1
2016-03-26,HOBBIES_1_001,CA_1,1
2016-03-27,HOBBIES_1_001,CA_1,1
2016-03-28,HOBBIES_1_001,CA_1,1
2016-03-29,HOBBIES_1_001,CA_1,0
2016-03-30,HOBBIES_1_001,CA_1,0
2016-03-31,HOBBIES_1_001,CA_1,0
2016-04-01,HOBBIES_1_001,CA_1,0
2016-04-02,HOBBIES_1_001,CA_1,0
2016-04-03,HOBBIES_1_001,CA_1,1
2016-04-04,HOBBIES_1_001,CA_1,0
2016-04-05,HOBBIES_1_001,CA_1,4
2016-04-06,HOBBIES_1_001,CA_1,2
2016-04-07,HOBBIES_1_001,CA_1,3
2016-04-08,HOBBIES_1_001,CA_1,0
2016-04-09,HOBBIES_1_001,CA_1,1
2016-04-10,HOBBIES_1_001,CA_1,2
2016-04-11,HOBBIES_1_001,CA_1,0
2016-04-12,HOBBIES_1_001,CA_1,0
2016-04-13,HOBBIES_1_001,CA_1,0
2016-04-14,HOBBIES_1_001,CA_1,1
2016-04-15,HOBBIES_1_001,CA_1,1
2016-04-16,HOBBIES_1_001,CA_1,3
2016-04-17,HOBBIES_1_001,CA_1,0
2016-04-18,HOBBIES_1_001,CA_1,1
2016-04-19,HOBBIES_1_001,CA_1,1
2016-04-20,HOBBIES_1_001,CA_1,1
2016-04-21,HOBBIES_1_001,CA_1,3
2016-04-22,HOBBIES_1_001,CA_1,0
2016-04-23,HOBBIES_1_001,CA_1,1
2016-04-24,HOBBIES_1_001,CA_1,1
2015-10-28,HOBBIES_1_002,CA_1,0
2015-10-29,HOBBIES_1_002,CA_1,1
2015-10-30,HOBBIES_1_002,CA_1,1
2015-10-31,HOBBIES_1_002,CA_1,0
2015-11-01,HOBBIES_1_002,CA_1,0
2015-11-02,HOBBIES_1_002,CA_1,0
2015-11-03,HOBBIES_1_002,CA_1,0
2015-11-04,HOBBIES_1_002,CA_1,1
2015-11-05,HOBBIES_1_002,CA_1,1
2015-11-06,HOBBIES_1_002,CA_1,0
2015-11-07,HOBBIES_1_002,CA_1,1
2015-11-08,HOBBIES_1_002,CA_1,0
2015-11-09,HOBBIES_1_002,CA_1,1
2015-11-10,HOBBIES_1_002,CA_1,1
2015-11-11,HOBBIES_1_002,CA_1,0
2015-11-12,HOBBIES_1_002,CA_1,0
2015-11-13,HOBBIES_1_002,CA_1,0
2015-11-14,HOBBIES_1_002,CA_1,0
2015-11-15,HOBBIES_1_002,CA_1,0
2015-11-16,HOBBIES_1_002,CA_1,1
2015-11-17,HOBBIES_1_002,CA_1,0
2015-11-18,HOBBIES_1_002,CA_1,1
2015-11-19,HOBBIES_1_002,CA_1,1
2015-11-20,HOBBIES_1_002,CA_1,0
2015-11-21,HOBBIES_1_002,CA_1,3
2015-11-22,HOBBIES_1_002,CA_1,0
2015-11-23,HOBBIES_1_002,CA_1,0
2015-11-24,HOBBIES_1_002,CA_1,0
2015-11-25,HOBBIES_1_002,CA_1,0
2015-11-26,HOBBIES_1_002,CA_1,0
2015-11-27,HOBBIES_1_002,CA_1,0
2015-11-28,HOBBIES_1_002,CA_1,0
2015-11-29,HOBBIES_1_002,CA_1,1
2015-11-30,HOBBIES_1_002,CA_1,0
2015-12-01,HOBBIES_1_002,CA_1,0
2015-12-02,HOBBIES_1_002,CA_1,0
2015-12-03,HOBBIES_1_002,CA_1,0
2015-12-04,HOBBIES_1_002,CA_1,0
2015-12-05,HOBBIES_1_002,CA_1,2
2015-12-06,HOBBIES_1_002,CA_1,1
2015-12-07,HOBBIES_1_002,CA_1,0
2015-12-08,HOBBIES_1_002,CA_1,0
2015-12-09,HOBBIES_1_002,CA_1,1
2015-12-10,HOBBIES_1_002,CA_1,1
2015-12-11,HOBBIES_1_002,CA_1,0
2015-12-12,HOBBIES_1_002,CA_1,2
2015-12-13,HOBBIES_1_002,CA_1,0
2015-12-14,HOBBIES_1_002,CA_1,1
2015-12-15,HOBBIES_1_002,CA_1,0
2015-12-16,HOBBIES_1_002,CA_1,2
2015-12-17,HOBBIES_1_002,CA_1,1
2015-12-18,HOBBIES_1_002,CA_1,1
2015-12-19,HOBBIES_1_002,CA_1,5
2015-12-20,HOBBIES_1_002,CA_1,0
2015-12-21,HOBBIES_1_002,CA_1,1
2015-12-22,HOBBIES_1_002,CA_1,0
2015-12-23,HOBBIES_1_002,CA_1,3
2015-12-24,HOBBIES_1_002,CA_1,5
2015-12-25,HOBBIES_1_002,CA_1,0
2015-12-26,HOBBIES_1_002,CA_1,0
2015-12-27,HOBBIES_1_002,CA_1,1
2015-12-28,HOBBIES_1_002,CA_1,0
2015-12-29,HOBBIES_1_002,CA_1,0
2015-12-30,HOBBIES_1_002,CA_1,0
2015-12-31,HOBBIES_1_002,CA_1,0
2016-01-01,HOBBIES_1_002,CA_1,0
2016-01-02,HOBBIES_1_002,CA_1,0
2016-01-03,HOBBIES_1_002,CA_1,0
2016-01-04,HOBBIES_1_002,CA_1,0
2016-01-05,HOBBIES_1_002,CA_1,0
2016-01-06,HOBBIES_1_002,CA_1,0
2016-01-07,HOBBIES_1_002,CA_1,0
2016-01-08,HOBBIES_1_002,CA_1,0
2016-01-09,HOBBIES_1_002,CA_1,1
2016-01-10,HOBBIES_1_002,CA_1,0
2016-01-11,HOBBIES_1_002,CA_1,0
2016-01-12,HOBBIES_1_002,CA_1,0
2016-01-13,HOBBIES_1_002,CA_1,0
2016-01-14,HOBBIES_1_002,CA_1,0
2016-01-15,HOBBIES_1_002,CA_1,1
2016-01-16,HOBBIES_1_002,CA_1,0
2016-01-17,HOBBIES_1_002,CA_1,0
2016-01-18,HOBBIES_1_002,CA_1,1
2016-01-19,HOBBIES_1_002,CA_1,0
2016-01-20,HOBBIES_1_002,CA_1,0
2016-01-21,HOBBIES_1_002,CA_1,0
2016-01-22,HOBBIES_1_002,CA_1,0
2016-01-23,HOBBIES_1_002,CA_1,0
2016-01-24,HOBBIES_1_002,CA_1,0
2016-01-25,HOBBIES_1_002,CA_1,0
2016-01-26,HOBBIES_1_002,CA_1,0
2016-01-27,HOBBIES_1_002,CA_1,0
2016-01-28,HOBBIES_1_002,CA_1,1
2016-01-29,HOBBIES_1_002,CA_1,0
2016-01-30,HOBBIES_1_002,CA_1,0
2016-01-31,HOBBIES_1_002,CA_1,0
2016-02-01,HOBBIES_1_002,CA_1,1
2016-02-02,HOBBIES_1_002,CA_1,0
2016-02-03,HOBBIES_1_002,CA_1,0
2016-02-04,HOBBIES_1_002,CA_1,0
2016-02-05,HOBBIES_1_002,CA_1,0
2016-02-06,HOBBIES_1_002,CA_1,0
2016-02-07,HOBBIES_1_002,CA_1,0
2016-02-08,HOBBIES_1_002,CA_1,1
2016-02-09,HOBBIES_1_002,CA_1,0
2016-02-10,HOBBIES_1_002,CA_1,0
2016-02-11,HOBBIES_1_002,CA_1,0
2016-02-12,HOBBIES_1_002,CA_1,0
2016-02-13,HOBBIES_1_002,CA_1,0
2016-02-14,HOBBIES_1_002,CA_1,0
2016-02-15,HOBBIES_1_002,CA_1,0
2016-02-16,HOBBIES_1_002,CA_1,1
2016-02-17,HOBBIES_1_002,CA_1,0
2016-02-18,HOBBIES_1_002,CA_1,0
2016-02-19,HOBBIES_1_002,CA_1,0
2016-02-20,HOBBIES_1_002,CA_1,1
2016-02-21,HOBBIES_1_002,CA_1,0
2016-02-22,HOBBIES_1_002,CA_1,0
2016-02-23,HOBBIES_1_002,CA_1,0
2016-02-24,HOBBIES_1_002,CA_1,0
2016-02-25,HOBBIES_1_002,CA_1,1
2016-02-26,HOBBIES_1_002,CA_1,0
2016-02-27,HOBBIES_1_002,CA_1,0
2016-02-28,HOBBIES_1_002,CA_1,0
2016-02-29,HOBBIES_1_002,CA_1,0
2016-03-01,HOBBIES_1_002,CA_1,0
2016-03-02,HOBBIES_1_002,CA_1,0
2016-03-03,HOBBIES_1_002,CA_1,1
2016-03-04,HOBBIES_1_002,CA_1,0
2016-03-05,HOBBIES_1_002,CA_1,0
2016-03-06,HOBBIES_1_002,CA_1,1
2016-03-07,HOBBIES_1_002,CA_1,1
2016-03-08,HOBBIES_1_002,CA_1,0
2016-03-09,HOBBIES_1_002,CA_1,0
2016-03-10,HOBBIES_1_002,CA_1,1
2016-03-11,HOBBIES_1_002,CA_1,0
2016-03-12,HOBBIES_1_002,CA_1,1
2016-03-13,HOBBIES_1_002,CA_1,0
2016-03-14,HOBBIES_1_002,CA_1,0
2016-03-15,HOBBIES_1_002,CA_1,0
2016-03-16,HOBBIES_1_002,CA_1,0
2016-03-17,HOBBIES_1_002,CA_1,0
2016-03-18,HOBBIES_1_002,CA_1,0
2016-03-19,HOBBIES_1_002,CA_1,0
2016-03-20,HOBBIES_1_002,CA_1,0
2016-03-21,HOBBIES_1_002,CA_1,0
2016-03-22,HOBBIES_1_002,CA_1,0
2016-03-23,HOBBIES_1_002,CA_1,0
2016-03-24,HOBBIES_1_002,CA_1,1
2016-03-25,HOBBIES_1_002,CA_1,1
2016-03-26,HOBBIES_1_002,CA_1,1
2016-03-27,HOBBIES_1_002,CA_1,1
2016-03-28,HOBBIES_1_002,CA_1,1
2016-03-29,HOBBIES_1_002,CA_1,0
2016-03-30,HOBBIES_1_002,CA_1,0
2016-03-31,HOBBIES_1_002,CA_1,0
2016-04-01,HOBBIES_1_002,CA_1,0
2016-04-02,HOBBIES_1_002,CA_1,0
2016-04-03,HOBBIES_1_002,CA_1,0
2016-04-04,HOBBIES_1_002,CA_1,0
2016-04-05,HOBBIES_1_002,CA_1,0
2016-04-06,HOBBIES_1_002,CA_1,0
2016-04-07,HOBBIES_1_002,CA_1,0
2016-04-08,HOBBIES_1_002,CA_1,0
2016-04-09,HOBBIES_1_002,CA_1,0
2016-04-10,HOBBIES_1_002,CA_1,0
2016-04-11,HOBBIES_1_002,CA_1,0
2016-04-12,HOBBIES_1_002,CA_1,0
2016-04-13,HOBBIES_1_002,CA_1,0
2016-04-14,HOBBIES_1_002,CA_1,0
2016-04-15,HOBBIES_1_002,CA_1,0
2016-04-16,HOBBIES_1_002,CA_1,0
2016-04-17,HOBBIES_1_002,CA_1,0
2016-04-18,HOBBIES_1_002,CA_1,0
2016-04-19,HOBBIES_1_002,CA_1,0
2016-04-20,HOBBIES_1_002,CA_1,1
2016-04-21,HOBBIES_1_002,CA_1,0
2016-04-22,HOBBIES_1_002,CA_1,0
2016-04-23,HOBBIES_1_002,CA_1,0
2016-04-24,HOBBIES_1_002,CA_1,0
2015-10-28,HOBBIES_1_003,CA_1,1
2015-10-29,HOBBIES_1_003,CA_1,0
2015-10-30,HOBBIES_1_003,CA_1,0
2015-10-31,HOBBIES_1_003,CA_1,2
2015-11-01,HOBBIES_1_003,CA_1,0
2015-11-02,HOBBIES_1_003,CA_1,0
2015-11-03,HOBBIES_1_003,CA_1,0
2015-11-04,HOBBIES_1_003,CA_1,1
2015-11-05,HOBBIES_1_003,CA_1,0
2015-11-06,HOBBIES_1_003,CA_1,0
2015-11-07,HOBBIES_1_003,CA_1,1
2015-11-08,HOBBIES_1_003,CA_1,0
2015-11-09,HOBBIES_1_003,CA_1,0
2015-11-10,HOBBIES_1_003,CA_1,2
2015-11-11,HOBBIES_1_003,CA_1,0
2015-11-12,HOBBIES_1_003,CA_1,0
2015-11-13,HOBBIES_1_003,CA_1,0
2015-11-14,HOBBIES_1_003,CA_1,0
2015-11-15,HOBBIES_1_003,CA_1,0
2015-11-16,HOBBIES_1_003,CA_1,0
2015-11-17,HOBBIES_1_003,CA_1,0
2015-11-18,HOBBIES_1_003,CA_1,0
2015-11-19,HOBBIES_1_003,CA_1,2
2015-11-20,HOBBIES_1_003,CA_1,0
2015-11-21,HOBBIES_1_003,CA_1,2
2015-11-22,HOBBIES_1_003,CA_1,3
2015-11-23,HOBBIES_1_003,CA_1,0
2015-11-24,HOBBIES_1_003,CA_1,1
2015-11-25,HOBBIES_1_003,CA_1,3
2015-11-26,HOBBIES_1_003,CA_1,1
2015-11-27,HOBBIES_1_003,CA_1,2
2015-11-28,HOBBIES_1_003,CA_1,2
2015-11-29,HOBBIES_1_003,CA_1,3
2015-11-30,HOBBIES_1_003,CA_1,0
2015-12-01,HOBBIES_1_003,CA_1,1
2015-12-02,HOBBIES_1_003,CA_1,1
2015-12-03,HOBBIES_1_003,CA_1,0
2015-12-04,HOBBIES_1_003,CA_1,0
2015-12-05,HOBBIES_1_003,CA_1,0
2015-12-06,HOBBIES_1_003,CA_1,0
2015-12-07,HOBBIES_1_003,CA_1,2
2015-12-08,HOBBIES_1_003,CA_1,3
2015-12-09,HOBBIES_1_003,CA_1,1
2015-12-10,HOBBIES_1_003,CA_1,1
2015-12-11,HOBBIES_1_003,CA_1,4
2015-12-12,HOBBIES_1_003,CA_1,3
2015-12-13,HOBBIES_1_003,CA_1,2
2015-12-14,HOBBIES_1_003,CA_1,1
2015-12-15,HOBBIES_1_003,CA_1,2
2015-12-16,HOBBIES_1_003,CA_1,2
2015-12-17,HOBBIES_1_003,CA_1,0
2015-12-18,HOBBIES_1_003,CA_1,1
2015-12-19,HOBBIES_1_003,CA_1,5
2015-12-20,HOBBIES_1_003,CA_1,2
2015-12-21,HOBBIES_1_003,CA_1,0
2015-12-22,HOBBIES_1_003,CA_1,1
2015-12-23,HOBBIES_1_003,CA_1,2
2015-12-24,HOBBIES_1_003,CA_1,3
2015-12-25,HOBBIES_1_003,CA_1,0
2015-12-26,HOBBIES_1_003,CA_1,1
2015-12-27,HOBBIES_1_003,CA_1,2
2015-12-28,HOBBIES_1_003,CA_1,1
2015-12-29,HOBBIES_1_003,CA_1,3
2015-12-30,HOBBIES_1_003,CA_1,0
2015-12-31,HOBBIES_1_003,CA_1,1
2016-01-01,HOBBIES_1_003,CA_1,1
2016-01-02,HOBBIES_1_003,CA_1,1
2016-01-03,HOBBIES_1_003,CA_1,1
2016-01-04,HOBBIES_1_003,CA_1,0
2016-01-05,HOBBIES_1_003,CA_1,0
2016-01-06,HOBBIES_1_003,CA_1,0
2016-01-07,HOBBIES_1_003,CA_1,0
2016-01-08,HOBBIES_1_003,CA_1,0
2016-01-09,HOBBIES_1_003,CA_1,0
2016-01-10,HOBBIES_1_003,CA_1,0
2016-01-11,HOBBIES_1_003,CA_1,1
2016-01-12,HOBBIES_1_003,CA_1,0
2016-01-13,HOBBIES_1_003,CA_1,1
2016-01-14,HOBBIES_1_003,CA_1,0
2016-01-15,HOBBIES_1_003,CA_1,0
2016-01-16,HOBBIES_1_003,CA_1,0
2016-01-17,HOBBIES_1_003,CA_1,0
2016-01-18,HOBBIES_1_003,CA_1,0
2016-01-19,HOBBIES_1_003,CA_1,0
2016-01-20,HOBBIES_1_003,CA_1,0
2016-01-21,HOBBIES_1_003,CA_1,0
2016-01-22,HOBBIES_1_003,CA_1,0
2016-01-23,HOBBIES_1_003,CA_1,0
2016-01-24,HOBBIES_1_003,CA_1,0
2016-01-25,HOBBIES_1_003,CA_1,0
2016-01-26,HOBBIES_1_003,CA_1,0
2016-01-27,HOBBIES_1_003,CA_1,0
2016-01-28,HOBBIES_1_003,CA_1,0
2016-01-29,HOBBIES_1_003,CA_1,0
2016-01-30,HOBBIES_1_003,CA_1,1
2016-01-31,HOBBIES_1_003,CA_1,0
2016-02-01,HOBBIES_1_003,CA_1,0
2016-02-02,HOBBIES_1_003,CA_1,0
2016-02-03,HOBBIES_1_003,CA_1,0
2016-02-04,HOBBIES_1_003,CA_1,0
2016-02-05,HOBBIES_1_003,CA_1,0
2016-02-06,HOBBIES_1_003,CA_1,0
2016-02-07,HOBBIES_1_003,CA_1,1
2016-02-08,HOBBIES_1_003,CA_1,0
2016-02-09,HOBBIES_1_003,CA_1,1
2016-02-10,HOBBIES_1_003,CA_1,1
2016-02-11,HOBBIES_1_003,CA_1,1
2016-02-12,HOBBIES_1_003,CA_1,1
2016-02-13,HOBBIES_1_003,CA_1,1
2016-02-14,HOBBIES_1_003,CA_1,0
2016-02-15,HOBBIES_1_003,CA_1,0
2016-02-16,HOBBIES_1_003,CA_1,0
2016-02-17,HOBBIES_1_003,CA_1,1
2016-02-18,HOBBIES_1_003,CA_1,0
2016-02-19,HOBBIES_1_003,CA_1,1
2016-02-20,HOBBIES_1_003,CA_1,0
2016-02-21,HOBBIES_1_003,CA_1,1
2016-02-22,HOBBIES_1_003,CA_1,0
2016-02-23,HOBBIES_1_003,CA_1,0
2016-02-24,HOBBIES_1_003,CA_1,0
2016-02-25,HOBBIES_1_003,CA_1,0
2016-02-26,HOBBIES_1_003,CA_1,0
2016-02-27,HOBBIES_1_003,CA_1,0
2016-02-28,HOBBIES_1_003,CA_1,0
2016-02-29,HOBBIES_1_003,CA_1,0
2016-03-01,HOBBIES_1_003,CA_1,0
2016-03-02,HOBBIES_1_003,CA_1,0
2016-03-03,HOBBIES_1_003,CA_1,0
2016-03-04,HOBBIES_1_003,CA_1,0
2016-03-05,HOBBIES_1_003,CA_1,6
2016-03-06,HOBBIES_1_003,CA_1,1
2016-03-07,HOBBIES_1_003,CA_1,1
2016-03-08,HOBBIES_1_003,CA_1,2
2016-03-09,HOBBIES_1_003,CA_1,0
2016-03-10,HOBBIES_1_003,CA_1,0
2016-03-11,HOBBIES_1_003,CA_1,0
2016-03-12,HOBBIES_1_003,CA_1,1
2016-03-13,HOBBIES_1_003,CA_1,1
2016-03-14,HOBBIES_1_003,CA_1,0
2016-03-15,HOBBIES_1_003,CA_1,0
2016-03-16,HOBBIES_1_003,CA_1,0
2016-03-17,HOBBIES_1_003,CA_1,0
2016-03-18,HOBBIES_1_003,CA_1,1
2016-03-19,HOBBIES_1_003,CA_1,0
2016-03-20,HOBBIES_1_003,CA_1,0
2016-03-21,HOBBIES_1_003,CA_1,0
2016-03-22,HOBBIES_1_003,CA_1,0
2016-03-23,HOBBIES_1_003,CA_1,0
2016-03-24,HOBBIES_1_003,CA_1,0
2016-03-25,HOBBIES_1_003,CA_1,1
2016-03-26,HOBBIES_1_003,CA_1,1
2016-03-27,HOBBIES_1_003,CA_1,0
2016-03-28,HOBBIES_1_003,CA_1,0
2016-03-29,HOBBIES_1_003,CA_1,0
2016-03-30,HOBBIES_1_003,CA_1,0
2016-03-31,HOBBIES_1_003,CA_1,0
2016-04-01,HOBBIES_1_003,CA_1,0
2016-04-02,HOBBIES_1_003,CA_1,0
2016-04-03,HOBBIES_1_003,CA_1,1
2016-04-04,HOBBIES_1_003,CA_1,0
2016-04-05,HOBBIES_1_003,CA_1,0
2016-04-06,HOBBIES_1_003,CA_1,0
2016-04-07,HOBBIES_1_003,CA_1,1
2016-04-08,HOBBIES_1_003,CA_1,0
2016-04-09,HOBBIES_1_003,CA_1,0
2016-04-10,HOBBIES_1_003,CA_1,0
2016-04-11,HOBBIES_1_003,CA_1,0
2016-04-12,HOBBIES_1_003,CA_1,0
2016-04-13,HOBBIES_1_003,CA_1,1
2016-04-14,HOBBIES_1_003,CA_1,2
2016-04-15,HOBBIES_1_003,CA_1,2
2016-04-16,HOBBIES_1_003,CA_1,1
2016-04-17,HOBBIES_1_003,CA_1,2
2016-04-18,HOBBIES_1_003,CA_1,1
2016-04-19,HOBBIES_1_003,CA_1,1
2016-04-20,HOBBIES_1_003,CA_1,1
2016-04-21,HOBBIES_1_003,CA_1,0
2016-04-22,HOBBIES_1_003,CA_1,1
2016-04-23,HOBBIES_1_003,CA_1,1
2016-04-24,HOBBIES_1_003,CA_1,1
2015-10-28,HOBBIES_1_004,CA_1,1
2015-10-29,HOBBIES_1_004,CA_1,0
2015-10-30,HOBBIES_1_004,CA_1,0
2015-10-31,HOBBIES_1_004,CA_1,3
2015-11-01,HOBBIES_1_004,CA_1,1
2015-11-02,HOBBIES_1_004,CA_1,0
2015-11-03,HOBBIES_1_004,CA_1,0
2015-11-04,HOBBIES_1_004,CA_1,0
2015-11-05,HOBBIES_1_004,CA_1,3
2015-11-06,HOBBIES_1_004,CA_1,1
2015-11-07,HOBBIES_1_004,CA_1,3
2015-11-08,HOBBIES_1_004,CA_1,3
2015-11-09,HOBBIES_1_004,CA_1,0
2015-11-10,HOBBIES_1_004,CA_1,0
2015-11-11,HOBBIES_1_004,CA_1,4
2015-11-12,HOBBIES_1_004,CA_1,1
2015-11-13,HOBBIES_1_004,CA_1,1
2015-11-14,HOBBIES_1_004,CA_1,1
2015-11-15,HOBBIES_1_004,CA_1,1
2015-11-16,HOBBIES_1_004,CA_1,3
2015-11-17,HOBBIES_1_004,CA_1,3
2015-11-18,HOBBIES_1_004,CA_1,1
2015-11-19,HOBBIES_1_004,CA_1,0
2015-11-20,HOBBIES_1_004,CA_1,3
2015-11-21,HOBBIES_1_004,CA_1,0
2015-11-22,HOBBIES_1_004,CA_1,1
2015-11-23,HOBBIES_1_004,CA_1,3
2015-11-24,HOBBIES_1_004,CA_1,3
2015-11-25,HOBBIES_1_004,CA_1,3
2015-11-26,HOBBIES_1_004,CA_1,2
2015-11-27,HOBBIES_1_004,CA_1,2
2015-11-28,HOBBIES_1_004,CA_1,2
2015-11-29,HOBBIES_1_004,CA_1,4
2015-11-30,HOBBIES_1_004,CA_1,3
2015-12-01,HOBBIES_1_004,CA_1,0
2015-12-02,HOBBIES_1_004,CA_1,5
2015-12-03,HOBBIES_1_004,CA_1,1
2015-12-04,HOBBIES_1_004,CA_1,3
2015-12-05,HOBBIES_1_004,CA_1,3
2015-12-06,HOBBIES_1_004,CA_1,2
2015-12-07,HOBBIES_1_004,CA_1,0
2015-12-08,HOBBIES_1_004,CA_1,0
2015-12-09,HOBBIES_1_004,CA_1,1
2015-12-10,HOBBIES_1_004,CA_1,1
2015-12-11,HOBBIES_1_004,CA_1,0
2015-12-12,HOBBIES_1_004,CA_1,2
2015-12-13,HOBBIES_1_004,CA_1,2
2015-12-14,HOBBIES_1_004,CA_1,2
2015-12-15,HOBBIES_1_004,CA_1,3
2015-12-16,HOBBIES_1_004,CA_1,2
2015-12-17,HOBBIES_1_004,CA_1,1
2015-12-18,HOBBIES_1_004,CA_1,2
2015-12-19,HOBBIES_1_004,CA_1,0
2015-12-20,HOBBIES_1_004,CA_1,5
2015-12-21,HOBBIES_1_004,CA_1,0
2015-12-22,HOBBIES_1_004,CA_1,1
2015-12-23,HOBBIES_1_004,CA_1,0
2015-12-24,HOBBIES_1_004,CA_1,0
2015-12-25,HOBBIES_1_004,CA_1,0
2015-12-26,HOBBIES_1_004,CA_1,3
2015-12-27,HOBBIES_1_004,CA_1,4
2015-12-28,HOBBIES_1_004,CA_1,0
2015-12-29,HOBBIES_1_004,CA_1,0
2015-12-30,HOBBIES_1_004,CA_1,1
2015-12-31,HOBBIES_1_004,CA_1,5
2016-01-01,HOBBIES_1_004,CA_1,3
2016-01-02,HOBBIES_1_004,CA_1,2
2016-01-03,HOBBIES_1_004,CA_1,2
2016-01-04,HOBBIES_1_004,CA_1,0
2016-01-05,HOBBIES_1_004,CA_1,1
2016-01-06,HOBBIES_1_004,CA_1,1
2016-01-07,HOBBIES_1_004,CA_1,0
2016-01-08,HOBBIES_1_004,CA_1,2
2016-01-09,HOBBIES_1_004,CA_1,1
2016-01-10,HOBBIES_1_004,CA_1,0
2016-01-11,HOBBIES_1_004,CA_1,2
2016-01-12,HOBBIES_1_004,CA_1,4
2016-01-13,HOBBIES_1_004,CA_1,0
2016-01-14,HOBBIES_1_004,CA_1,0
2016-01-15,HOBBIES_1_004,CA_1,0
2016-01-16,HOBBIES_1_004,CA_1,3
2016-01-17,HOBBIES_1_004,CA_1,2
2016-01-18,HOBBIES_1_004,CA_1,4
2016-01-19,HOBBIES_1_004,CA_1,3
2016-01-20,HOBBIES_1_004,CA_1,1
2016-01-21,HOBBIES_1_004,CA_1,2
2016-01-22,HOBBIES_1_004,CA_1,3
2016-01-23,HOBBIES_1_004,CA_1,0
2016-01-24,HOBBIES_1_004,CA_1,8
2016-01-25,HOBBIES_1_004,CA_1,2
2016-01-26,HOBBIES_1_004,CA_1,1
2016-01-27,HOBBIES_1_004,CA_1,2
2016-01-28,HOBBIES_1_004,CA_1,2
2016-01-29,HOBBIES_1_004,CA_1,5
2016-01-30,HOBBIES_1_004,CA_1,2
2016-01-31,HOBBIES_1_004,CA_1,6
2016-02-01,HOBBIES_1_004,CA_1,1
2016-02-02,HOBBIES_1_004,CA_1,0
2016-02-03,HOBBIES_1_004,CA_1,3
2016-02-04,HOBBIES_1_004,CA_1,5
2016-02-05,HOBBIES_1_004,CA_1,1
2016-02-06,HOBBIES_1_004,CA_1,1
2016-02-07,HOBBIES_1_004,CA_1,6
2016-02-08,HOBBIES_1_004,CA_1,4
2016-02-09,HOBBIES_1_004,CA_1,3
2016-02-10,HOBBIES_1_004,CA_1,2
2016-02-11,HOBBIES_1_004,CA_1,2
2016-02-12,HOBBIES_1_004,CA_1,3
2016-02-13,HOBBIES_1_004,CA_1,2
2016-02-14,HOBBIES_1_004,CA_1,1
2016-02-15,HOBBIES_1_004,CA_1,0
2016-02-16,HOBBIES_1_004,CA_1,0
2016-02-17,HOBBIES_1_004,CA_1,0
2016-02-18,HOBBIES_1_004,CA_1,2
2016-02-19,HOBBIES_1_004,CA_1,0
2016-02-20,HOBBIES_1_004,CA_1,5
2016-02-21,HOBBIES_1_004,CA_1,4
2016-02-22,HOBBIES_1_004,CA_1,2
2016-02-23,HOBBIES_1_004,CA_1,1
2016-02-24,HOBBIES_1_004,CA_1,1
2016-02-25,HOBBIES_1_004,CA_1,2
2016-02-26,HOBBIES_1_004,CA_1,3
2016-02-27,HOBBIES_1_004,CA_1,0
2016-02-28,HOBBIES_1_004,CA_1,6
2016-02-29,HOBBIES_1_004,CA_1,0
2016-03-01,HOBBIES_1_004,CA_1,0
2016-03-02,HOBBIES_1_004,CA_1,0
2016-03-03,HOBBIES_1_004,CA_1,1
2016-03-04,HOBBIES_1_004,CA_1,0
2016-03-05,HOBBIES_1_004,CA_1,1
2016-03-06,HOBBIES_1_004,CA_1,5
2016-03-07,HOBBIES_1_004,CA_1,3
2016-03-08,HOBBIES_1_004,CA_1,1
2016-03-09,HOBBIES_1_004,CA_1,0
2016-03-10,HOBBIES_1_004,CA_1,0
2016-03-11,HOBBIES_1_004,CA_1,0
2016-03-12,HOBBIES_1_004,CA_1,1
2016-03-13,HOBBIES_1_004,CA_1,2
2016-03-14,HOBBIES_1_004,CA_1,3
2016-03-15,HOBBIES_1_004,CA_1,0
2016-03-16,HOBBIES_1_004,CA_1,1
2016-03-17,HOBBIES_1_004,CA_1,3
2016-03-18,HOBBIES_1_004,CA_1,4
2016-03-19,HOBBIES_1_004,CA_1,2
2016-03-20,HOBBIES_1_004,CA_1,1
2016-03-21,HOBBIES_1_004,CA_1,4
2016-03-22,HOBBIES_1_004,CA_1,1
2016-03-23,HOBBIES_1_004,CA_1,3
2016-03-24,HOBBIES_1_004,CA_1,5
2016-03-25,HOBBIES_1_004,CA_1,0
2016-03-26,HOBBIES_1_004,CA_1,6
2016-03-27,HOBBIES_1_004,CA_1,6
2016-03-28,HOBBIES_1_004,CA_1,0
2016-03-29,HOBBIES_1_004,CA_1,0
2016-03-30,HOBBIES_1_004,CA_1,0
2016-03-31,HOBBIES_1_004,CA_1,0
2016-04-01,HOBBIES_1_004,CA_1,3
2016-04-02,HOBBIES_1_004,CA_1,1
2016-04-03,HOBBIES_1_004,CA_1,2
2016-04-04,HOBBIES_1_004,CA_1,1
2016-04-05,HOBBIES_1_004,CA_1,3
2016-04-06,HOBBIES_1_004,CA_1,1
2016-04-07,HOBBIES_1_004,CA_1,0
2016-04-08,HOBBIES_1_004,CA_1,2
2016-04-09,HOBBIES_1_004,CA_1,5
2016-04-10,HOBBIES_1_004,CA_1,4
2016-04-11,HOBBIES_1_004,CA_1,2
2016-04-12,HOBBIES_1_004,CA_1,0
2016-04-13,HOBBIES_1_004,CA_1,3
2016-04-14,HOBBIES_1_004,CA_1,0
2016-04-15,HOBBIES_1_004,CA_1,1
2016-04-16,HOBBIES_1_004,CA_1,0
2016-04-17,HOBBIES_1_004,CA_1,5
2016-04-18,HOBBIES_1_004,CA_1,4
2016-04-19,HOBBIES_1_004,CA_1,1
2016-04-20,HOBBIES_1_004,CA_1,0
2016-04-21,HOBBIES_1_004,CA_1,1
2016-04-22,HOBBIES_1_004,CA_1,3
2016-04-23,HOBBIES_1_004,CA_1,7
2016-04-24,HOBBIES_1_004,CA_1,2
2015-10-28,HOBBIES_1_005,CA_1,3
2015-10-29,HOBBIES_1_005,CA_1,0
2015-10-30,HOBBIES_1_005,CA_1,1
2015-10-31,HOBBIES_1_005,CA_1,1
2015-11-01,HOBBIES_1_005,CA_1,4
2015-11-02,HOBBIES_1_005,CA_1,0
2015-11-03,HOBBIES_1_005,CA_1,3
2015-11-04,HOBBIES_1_005,CA_1,2
2015-11-05,HOBBIES_1_005,CA_1,1
2015-11-06,HOBBIES_1_005,CA_1,2
2015-11-07,HOBBIES_1_005,CA_1,1
2015-11-08,HOBBIES_1_005,CA_1,2
2015-11-09,HOBBIES_1_005,CA_1,2
2015-11-10,HOBBIES_1_005,CA_1,1
2015-11-11,HOBBIES_1_005,CA_1,2
2015-11-12,HOBBIES_1_005,CA_1,0
2015-11-13,HOBBIES_1_005,CA_1,1
2015-11-14,HOBBIES_1_005,CA_1,1
2015-11-15,HOBBIES_1_005,CA_1,2
2015-11-16,HOBBIES_1_005,CA_1,0
2015-11-17,HOBBIES_1_005,CA_1,2
2015-11-18,HOBBIES_1_005,CA_1,0
2015-11-19,HOBBIES_1_005,CA_1,0
2015-11-20,HOBBIES_1_005,CA_1,0
2015-11-21,HOBBIES_1_005,CA_1,4
2015-11-22,HOBBIES_1_005,CA_1,2
2015-11-23,HOBBIES_1_005,CA_1,1
2015-11-24,HOBBIES_1_005,CA_1,2
2015-11-25,HOBBIES_1_005,CA_1,0
2015-11-26,HOBBIES_1_005,CA_1,0
2015-11-27,HOBBIES_1_005,CA_1,0
2015-11-28,HOBBIES_1_005,CA_1,0
2015-11-29,HOBBIES_1_005,CA_1,0
2015-11-30,HOBBIES_1_005,CA_1,2
2015-12-01,HOBBIES_1_005,CA_1,1
2015-12-02,HOBBIES_1_005,CA_1,0
2015-12-03,HOBBIES_1_005,CA_1,0
2015-12-04,HOBBIES_1_005,CA_1,1
2015-12-05,HOBBIES_1_005,CA_1,2
2015-12-06,HOBBIES_1_005,CA_1,0
2015-12-07,HOBBIES_1_005,CA_1,1
2015-12-08,HOBBIES_1_005,CA_1,2
2015-12-09,HOBBIES_1_005,CA_1,1
2015-12-10,HOBBIES_1_005,CA_1,2
2015-12-11,HOBBIES_1_005,CA_1,1
2015-12-12,HOBBIES_1_005,CA_1,2
2015-12-13,HOBBIES_1_005,CA_1,3
2015-12-14,HOBBIES_1_005,CA_1,3
2015-12-15,HOBBIES_1_005,CA_1,0
2015-12-16,HOBBIES_1_005,CA_1,3
2015-12-17,HOBBIES_1_005,CA_1,1
2015-12-18,HOBBIES_1_005,CA_1,5
2015-12-19,HOBBIES_1_005,CA_1,3
2015-12-20,HOBBIES_1_005,CA_1,2
2015-12-21,HOBBIES_1_005,CA_1,1
2015-12-22,HOBBIES_1_005,CA_1,2
2015-12-23,HOBBIES_1_005,CA_1,3
2015-12-24,HOBBIES_1_005,CA_1,4
2015-12-25,HOBBIES_1_005,CA_1,0
2015-12-26,HOBBIES_1_005,CA_1,0
2015-12-27,HOBBIES_1_005,CA_1,1
2015-12-28,HOBBIES_1_005,CA_1,0
2015-12-29,HOBBIES_1_005,CA_1,0
2015-12-30,HOBBIES_1_005,CA_1,1
2015-12-31,HOBBIES_1_005,CA_1,0
2016-01-01,HOBBIES_1_005,CA_1,0
2016-01-02,HOBBIES_1_005,CA_1,1
2016-01-03,HOBBIES_1_005,CA_1,0
2016-01-04,HOBBIES_1_005,CA_1,0
2016-01-05,HOBBIES_1_005,CA_1,0
2016-01-06,HOBBIES_1_005,CA_1,0
2016-01-07,HOBBIES_1_005,CA_1,2
2016-01-08,HOBBIES_1_005,CA_1,0
2016-01-09,HOBBIES_1_005,CA_1,0
2016-01-10,HOBBIES_1_005,CA_1,3
2016-01-11,HOBBIES_1_005,CA_1,0
2016-01-12,HOBBIES_1_005,CA_1,0
2016-01-13,HOBBIES_1_005,CA_1,1
2016-01-14,HOBBIES_1_005,CA_1,2
2016-01-15,HOBBIES_1_005,CA_1,2
2016-01-16,HOBBIES_1_005,CA_1,0
2016-01-17,HOBBIES_1_005,CA_1,1
2016-01-18,HOBBIES_1_005,CA_1,0
2016-01-19,HOBBIES_1_005,CA_1,0
2016-01-20,HOBBIES_1_005,CA_1,0
2016-01-21,HOBBIES_1_005,CA_1,1
2016-01-22,HOBBIES_1_005,CA_1,0
2016-01-23,HOBBIES_1_005,CA_1,0
2016-01-24,HOBBIES_1_005,CA_1,3
2016-01-25,HOBBIES_1_005,CA_1,0
2016-01-26,HOBBIES_1_005,CA_1,0
2016-01-27,HOBBIES_1_005,CA_1,1
2016-01-28,HOBBIES_1_005,CA_1,1
2016-01-29,HOBBIES_1_005,CA_1,0
2016-01-30,HOBBIES_1_005,CA_1,3
2016-01-31,HOBBIES_1_005,CA_1,1
2016-02-01,HOBBIES_1_005,CA_1,0
2016-02-02,HOBBIES_1_005,CA_1,4
2016-02-03,HOBBIES_1_005,CA_1,1
2016-02-04,HOBBIES_1_005,CA_1,2
2016-02-05,HOBBIES_1_005,CA_1,0
2016-02-06,HOBBIES_1_005,CA_1,0
2016-02-07,HOBBIES_1_005,CA_1,0
2016-02-08,HOBBIES_1_005,CA_1,1
2016-02-09,HOBBIES_1_005,CA_1,1
2016-02-10,HOBBIES_1_005,CA_1,2
2016-02-11,HOBBIES_1_005,CA_1,0
2016-02-12,HOBBIES_1_005,CA_1,0
2016-02-13,HOBBIES_1_005,CA_1,5
2016-02-14,HOBBIES_1_005,CA_1,2
2016-02-15,HOBBIES_1_005,CA_1,2
2016-02-16,HOBBIES_1_005,CA_1,2
2016-02-17,HOBBIES_1_005,CA_1,1
2016-02-18,HOBBIES_1_005,CA_1,0
2016-02-19,HOBBIES_1_005,CA_1,0
2016-02-20,HOBBIES_1_005,CA_1,0
2016-02-21,HOBBIES_1_005,CA_1,3
2016-02-22,HOBBIES_1_005,CA_1,0
2016-02-23,HOBBIES_1_005,CA_1,0
2016-02-24,HOBBIES_1_005,CA_1,0
2016-02-25,HOBBIES_1_005,CA_1,3
2016-02-26,HOBBIES_1_005,CA_1,1
2016-02-27,HOBBIES_1_005,CA_1,1
2016-02-28,HOBBIES_1_005,CA_1,1
2016-02-29,HOBBIES_1_005,CA_1,1
2016-03-01,HOBBIES_1_005,CA_1,2
2016-03-02,HOBBIES_1_005,CA_1,1
2016-03-03,HOBBIES_1_005,CA_1,0
2016-03-04,HOBBIES_1_005,CA_1,0
2016-03-05,HOBBIES_1_005,CA_1,1
2016-03-06,HOBBIES_1_005,CA_1,0
2016-03-07,HOBBIES_1_005,CA_1,2
2016-03-08,HOBBIES_1_005,CA_1,1
2016-03-09,HOBBIES_1_005,CA_1,1
2016-03-10,HOBBIES_1_005,CA_1,0
2016-03-11,HOBBIES_1_005,CA_1,3
2016-03-12,HOBBIES_1_005,CA_1,1
2016-03-13,HOBBIES_1_005,CA_1,1
2016-03-14,HOBBIES_1_005,CA_1,2
2016-03-15,HOBBIES_1_005,CA_1,1
2016-03-16,HOBBIES_1_005,CA_1,1
2016-03-17,HOBBIES_1_005,CA_1,0
2016-03-18,HOBBIES_1_005,CA_1,3
2016-03-19,HOBBIES_1_005,CA_1,2
2016-03-20,HOBBIES_1_005,CA_1,2
2016-03-21,HOBBIES_1_005,CA_1,2
2016-03-22,HOBBIES_1_005,CA_1,3
2016-03-23,HOBBIES_1_005,CA_1,1
2016-03-24,HOBBIES_1_005,CA_1,0
2016-03-25,HOBBIES_1_005,CA_1,0
2016-03-26,HOBBIES_1_005,CA_1,0
2016-03-27,HOBBIES_1_005,CA_1,0
2016-03-28,HOBBIES_1_005,CA_1,1
2016-03-29,HOBBIES_1_005,CA_1,0
2016-03-30,HOBBIES_1_005,CA_1,4
2016-03-31,HOBBIES_1_005,CA_1,4
2016-04-01,HOBBIES_1_005,CA_1,0
2016-04-02,HOBBIES_1_005,CA_1,1
2016-04-03,HOBBIES_1_005,CA_1,4
2016-04-04,HOBBIES_1_005,CA_1,0
2016-04-05,HOBBIES_1_005,CA_1,1
2016-04-06,HOBBIES_1_005,CA_1,0
2016-04-07,HOBBIES_1_005,CA_1,1
2016-04-08,HOBBIES_1_005,CA_1,0
2016-04-09,HOBBIES_1_005,CA_1,1
2016-04-10,HOBBIES_1_005,CA_1,1
2016-04-11,HOBBIES_1_005,CA_1,2
2016-04-12,HOBBIES_1_005,CA_1,0
2016-04-13,HOBBIES_1_005,CA_1,1
2016-04-14,HOBBIES_1_005,CA_1,1
2016-04-15,HOBBIES_1_005,CA_1,2
2016-04-16,HOBBIES_1_005,CA_1,1
2016-04-17,HOBBIES_1_005,CA_1,1
2016-04-18,HOBBIES_1_005,CA_1,0
2016-04-19,HOBBIES_1_005,CA_1,1
2016-04-20,HOBBIES_1_005,CA_1,1
2016-04-21,HOBBIES_1_005,CA_1,2
2016-04-22,HOBBIES_1_005,CA_1,2
2016-04-23,HOBBIES_1_005,CA_1,2
2016-04-24,HOBBIES_1_005,CA_1,4
